model,version,table,field,ref_table,ref_field,name
omop,v5.4,care_site,location_id,location,location_id,fpk_care_site_location
omop,v5.4,care_site,place_of_service_concept_id,concept,concept_id,fpk_care_site_place
omop,v5.4,cohort,cohort_definition_id,cohort_definition,cohort_definition_id,fpk_cohort_definition
omop,v5.4,cohort_definition,definition_type_concept_id,concept,concept_id,fpk_cohort_definition_concept
omop,v5.4,cohort_definition,subject_concept_id,concept,concept_id,fpk_cohort_definition_subject
omop,v5.4,concept,concept_class_id,concept_class,concept_class_id,fpk_concept_class
omop,v5.4,concept,domain_id,domain,domain_id,fpk_concept_domain
omop,v5.4,concept,vocabulary_id,vocabulary,vocabulary_id,fpk_concept_vocabulary
omop,v5.4,concept_ancestor,ancestor_concept_id,concept,concept_id,fpk_concept_ancestor_concept_1
omop,v5.4,concept_ancestor,descendant_concept_id,concept,concept_id,fpk_concept_ancestor_concept_2
omop,v5.4,concept_class,concept_class_concept_id,concept,concept_id,fpk_concept_class_concept
omop,v5.4,concept_relationship,concept_id_1,concept,concept_id,fpk_concept_relationship_c_1
omop,v5.4,concept_relationship,concept_id_2,concept,concept_id,fpk_concept_relationship_c_2
omop,v5.4,concept_relationship,relationship_id,relationship,relationship_id,fpk_concept_relationship_id
omop,v5.4,concept_synonym,concept_id,concept,concept_id,fpk_concept_synonym_concept
omop,v5.4,concept_synonym,language_concept_id,concept,concept_id,fpk_concept_synonym_language
omop,v5.4,condition_era,condition_concept_id,concept,concept_id,fpk_condition_era_concept
omop,v5.4,condition_era,person_id,person,person_id,fpk_condition_era_person
omop,v5.4,condition_occurrence,condition_concept_id,concept,concept_id,fpk_condition_concept
omop,v5.4,condition_occurrence,condition_source_concept_id,concept,concept_id,fpk_condition_concept_s
omop,v5.4,condition_occurrence,condition_type_concept_id,concept,concept_id,fpk_condition_type_concept
omop,v5.4,condition_occurrence,condition_status_concept_id,concept,concept_id,fpk_condition_status_concept
omop,v5.4,condition_occurrence,person_id,person,person_id,fpk_condition_person
omop,v5.4,condition_occurrence,provider_id,provider,provider_id,fpk_condition_provider
omop,v5.4,condition_occurrence,visit_occurrence_id,visit_occurrence,visit_occurrence_id,fpk_condition_visit
omop,v5.4,condition_occurrence,visit_detail_id,visit_detail,visit_detail_id,fpk_condition_visit_detail
omop,v5.4,death,cause_concept_id,concept,concept_id,fpk_death_cause_concept
omop,v5.4,death,cause_source_concept_id,concept,concept_id,fpk_death_cause_concept_s
omop,v5.4,death,death_type_concept_id,concept,concept_id,fpk_death_type_concept
omop,v5.4,death,person_id,person,person_id,fpk_death_person
omop,v5.4,device_exposure,device_concept_id,concept,concept_id,fpk_device_concept
omop,v5.4,device_exposure,device_source_concept_id,concept,concept_id,fpk_device_concept_s
omop,v5.4,device_exposure,device_type_concept_id,concept,concept_id,fpk_device_type_concept
omop,v5.4,device_exposure,person_id,person,person_id,fpk_device_person
omop,v5.4,device_exposure,provider_id,provider,provider_id,fpk_device_provider
omop,v5.4,device_exposure,visit_occurrence_id,visit_occurrence,visit_occurrence_id,fpk_device_visit
omop,v5.4,device_exposure,visit_detail_id,visit_detail,visit_detail_id,fpk_device_visit_detail
omop,v5.4,domain,domain_concept_id,concept,concept_id,fpk_domain_concept
omop,v5.4,dose_era,drug_concept_id,concept,concept_id,fpk_dose_era_concept
omop,v5.4,dose_era,person_id,person,person_id,fpk_dose_era_person
omop,v5.4,dose_era,unit_concept_id,concept,concept_id,fpk_dose_era_unit_concept
omop,v5.4,drug_era,drug_concept_id,concept,concept_id,fpk_drug_era_concept
omop,v5.4,drug_era,person_id,person,person_id,fpk_drug_era_person
omop,v5.4,drug_exposure,drug_concept_id,concept,concept_id,fpk_drug_concept
omop,v5.4,drug_exposure,drug_source_concept_id,concept,concept_id,fpk_drug_concept_s
omop,v5.4,drug_exposure,drug_type_concept_id,concept,concept_id,fpk_drug_type_concept
omop,v5.4,drug_exposure,person_id,person,person_id,fpk_drug_person
omop,v5.4,drug_exposure,provider_id,provider,provider_id,fpk_drug_provider
omop,v5.4,drug_exposure,route_concept_id,concept,concept_id,fpk_drug_route_concept
omop,v5.4,drug_exposure,visit_occurrence_id,visit_occurrence,visit_occurrence_id,fpk_drug_visit
omop,v5.4,drug_exposure,visit_detail_id,visit_detail,visit_detail_id,fpk_drug_visit_detail
omop,v5.4,drug_strength,amount_unit_concept_id,concept,concept_id,fpk_drug_strength_unit_1
omop,v5.4,drug_strength,denominator_unit_concept_id,concept,concept_id,fpk_drug_strength_unit_3
omop,v5.4,drug_strength,drug_concept_id,concept,concept_id,fpk_drug_strength_concept_1
omop,v5.4,drug_strength,ingredient_concept_id,concept,concept_id,fpk_drug_strength_concept_2
omop,v5.4,drug_strength,numerator_unit_concept_id,concept,concept_id,fpk_drug_strength_unit_2
omop,v5.4,episode,episode_concept_id,concept,concept_id,fpk_episode_concept
omop,v5.4,episode,person_id,person,person_id,fpk_episode_person
omop,v5.4,episode,episode_parent_id,episode,episode_id,fpk_episode_parent
omop,v5.4,episode,episode_object_concept_id,concept,concept_id,fpk_episode_object
omop,v5.4,episode,episode_type_concept_id,concept,concept_id,fpk_episode_type_concept
omop,v5.4,episode,episode_source_concept_id,concept,concept_id,fpk_episode_source_concept
omop,v5.4,episode_event,episode_id,episode,episode_id,fpk_event_episode
omop,v5.4,episode_event,episode_event_field_concept_id,concept,concept_id,fpk_episode_event_concept
omop,v5.4,fact_relationship,domain_concept_id_1,concept,concept_id,fpk_fact_domain_1
omop,v5.4,fact_relationship,domain_concept_id_2,concept,concept_id,fpk_fact_domain_2
omop,v5.4,fact_relationship,relationship_concept_id,concept,concept_id,fpk_fact_relationship
omop,v5.4,metadata,metadata_concept_id,concept,concept_id,fpk_metadata_concept
omop,v5.4,metadata,metadata_type_concept_id,concept,concept_id,fpk_metadata_type_concept
omop,v5.4,metadata,value_as_concept_id,concept,concept_id,fpk_metadata_value
omop,v5.4,measurement,measurement_concept_id,concept,concept_id,fpk_measurement_concept
omop,v5.4,measurement,measurement_source_concept_id,concept,concept_id,fpk_measurement_concept_s
omop,v5.4,measurement,measurement_type_concept_id,concept,concept_id,fpk_measurement_type_concept
omop,v5.4,measurement,operator_concept_id,concept,concept_id,fpk_measurement_operator
omop,v5.4,measurement,person_id,person,person_id,fpk_measurement_person
omop,v5.4,measurement,provider_id,provider,provider_id,fpk_measurement_provider
omop,v5.4,measurement,unit_concept_id,concept,concept_id,fpk_measurement_unit
omop,v5.4,measurement,value_as_concept_id,concept,concept_id,fpk_measurement_value
omop,v5.4,measurement,visit_occurrence_id,visit_occurrence,visit_occurrence_id,fpk_measurement_visit
omop,v5.4,measurement,visit_detail_id,visit_detail,visit_detail_id,fpk_measurement_visit_detail
omop,v5.4,note,note_type_concept_id,concept,concept_id,fpk_note_type_concept
omop,v5.4,note,note_class_concept_id,concept,concept_id,fpk_note_class_concept
omop,v5.4,note,encoding_concept_id,concept,concept_id,fpk_note_encoding_concept
omop,v5.4,note,language_concept_id,concept,concept_id,fpk_note_language_concept
omop,v5.4,note,person_id,person,person_id,fpk_note_person
omop,v5.4,note,provider_id,provider,provider_id,fpk_note_provider
omop,v5.4,note,visit_occurrence_id,visit_occurrence,visit_occurrence_id,fpk_note_visit
omop,v5.4,note,visit_detail_id,visit_detail,visit_detail_id,fpk_note_visit_detail
omop,v5.4,note_nlp,note_id,note,note_id,fpk_note_nlp_note
omop,v5.4,note_nlp,section_concept_id,concept,concept_id,fpk_note_nlp_section
omop,v5.4,note_nlp,note_nlp_concept_id,concept,concept_id,fpk_note_nlp_concept
omop,v5.4,note_nlp,note_nlp_source_concept_id,concept,concept_id,fpk_note_nlp_source_concept
omop,v5.4,observation,observation_concept_id,concept,concept_id,fpk_observation_concept
omop,v5.4,observation,observation_source_concept_id,concept,concept_id,fpk_observation_concept_s
omop,v5.4,observation,observation_type_concept_id,concept,concept_id,fpk_observation_type_concept
omop,v5.4,observation,person_id,person,person_id,fpk_observation_person
omop,v5.4,observation,provider_id,provider,provider_id,fpk_observation_provider
omop,v5.4,observation,qualifier_concept_id,concept,concept_id,fpk_observation_qualifier
omop,v5.4,observation,unit_concept_id,concept,concept_id,fpk_observation_unit
omop,v5.4,observation,value_as_concept_id,concept,concept_id,fpk_observation_value
omop,v5.4,observation,visit_occurrence_id,visit_occurrence,visit_occurrence_id,fpk_observation_visit
omop,v5.4,observation,visit_detail_id,visit_detail,visit_detail_id,fpk_observation_visit_detail
omop,v5.4,observation_period,period_type_concept_id,concept,concept_id,fpk_observation_period_concept
omop,v5.4,observation_period,person_id,person,person_id,fpk_observation_period_person
omop,v5.4,payer_plan_period,person_id,person,person_id,fpk_payer_plan_period_person
omop,v5.4,payer_plan_period,payer_concept_id,concept,concept_id,fpk_payer_plan_concept
omop,v5.4,payer_plan_period,payer_source_concept_id,concept,concept_id,fpk_payer_source_concept
omop,v5.4,payer_plan_period,plan_concept_id,concept,concept_id,fpk_plan_concept
omop,v5.4,payer_plan_period,plan_source_concept_id,concept,concept_id,fpk_plan_source_concept
omop,v5.4,payer_plan_period,sponsor_concept_id,concept,concept_id,fpk_payer_sponsor_concept
omop,v5.4,payer_plan_period,sponsor_source_concept_id,concept,concept_id,fpk_payer_sponsor_source_conc
omop,v5.4,payer_plan_period,stop_reason_concept_id,concept,concept_id,fpk_payer_stop_concept
omop,v5.4,payer_plan_period,stop_reason_source_concept_id,concept,concept_id,fpk_payer_stop_source_concept
omop,v5.4,person,care_site_id,care_site,care_site_id,fpk_person_care_site
omop,v5.4,person,ethnicity_concept_id,concept,concept_id,fpk_person_ethnicity_concept
omop,v5.4,person,ethnicity_source_concept_id,concept,concept_id,fpk_person_ethnicity_concept_s
omop,v5.4,person,gender_concept_id,concept,concept_id,fpk_person_gender_concept
omop,v5.4,person,gender_source_concept_id,concept,concept_id,fpk_person_gender_concept_s
omop,v5.4,person,location_id,location,location_id,fpk_person_location
omop,v5.4,person,provider_id,provider,provider_id,fpk_person_provider
omop,v5.4,person,race_concept_id,concept,concept_id,fpk_person_race_concept
omop,v5.4,person,race_source_concept_id,concept,concept_id,fpk_person_race_concept_s
omop,v5.4,procedure_occurrence,modifier_concept_id,concept,concept_id,fpk_procedure_modifier
omop,v5.4,procedure_occurrence,person_id,person,person_id,fpk_procedure_person
omop,v5.4,procedure_occurrence,procedure_concept_id,concept,concept_id,fpk_procedure_concept
omop,v5.4,procedure_occurrence,procedure_source_concept_id,concept,concept_id,fpk_procedure_concept_s
omop,v5.4,procedure_occurrence,procedure_type_concept_id,concept,concept_id,fpk_procedure_type_concept
omop,v5.4,procedure_occurrence,provider_id,provider,provider_id,fpk_procedure_provider
omop,v5.4,procedure_occurrence,visit_occurrence_id,visit_occurrence,visit_occurrence_id,fpk_procedure_visit
omop,v5.4,procedure_occurrence,visit_detail_id,visit_detail,visit_detail_id,fpk_procedure_visit_detail
omop,v5.4,provider,care_site_id,care_site,care_site_id,fpk_provider_care_site
omop,v5.4,provider,gender_concept_id,concept,concept_id,fpk_provider_gender
omop,v5.4,provider,gender_source_concept_id,concept,concept_id,fpk_provider_gender_s
omop,v5.4,provider,specialty_concept_id,concept,concept_id,fpk_provider_specialty
omop,v5.4,provider,specialty_source_concept_id,concept,concept_id,fpk_provider_specialty_s
omop,v5.4,relationship,relationship_concept_id,concept,concept_id,fpk_relationship_concept
omop,v5.4,relationship,reverse_relationship_id,relationship,relationship_id,fpk_relationship_reverse
omop,v5.4,source_to_concept_map,source_concept_id,concept,concept_id,fpk_source_to_concept_map_c_1
omop,v5.4,source_to_concept_map,target_concept_id,concept,concept_id,fpk_source_to_concept_map_c_2
omop,v5.4,source_to_concept_map,target_vocabulary_id,vocabulary,vocabulary_id,fpk_source_to_concept_map_v_2
omop,v5.4,specimen,anatomic_site_concept_id,concept,concept_id,fpk_specimen_site_concept
omop,v5.4,specimen,disease_status_concept_id,concept,concept_id,fpk_specimen_status_concept
omop,v5.4,specimen,person_id,person,person_id,fpk_specimen_person
omop,v5.4,specimen,specimen_concept_id,concept,concept_id,fpk_specimen_concept
omop,v5.4,specimen,specimen_type_concept_id,concept,concept_id,fpk_specimen_type_concept
omop,v5.4,specimen,unit_concept_id,concept,concept_id,fpk_specimen_unit_concept
omop,v5.4,cost,currency_concept_id,concept,concept_id,fpk_visit_cost_currency
omop,v5.4,cost,payer_plan_period_id,payer_plan_period,payer_plan_period_id,fpk_visit_cost_period
omop,v5.4,cost,cost_type_concept_id,concept,concept_id,fpk_concept_type_cost_id
omop,v5.4,cost,cost_domain_id,concept,concept_id,fpk_domain_cost_id
omop,v5.4,cost,revenue_code_concept_id,concept,concept_id,fpk_rev_code_cost_id
omop,v5.4,cost,drg_concept_id,concept,concept_id,fpk_drg_cost_id
omop,v5.4,visit_occurrence,care_site_id,care_site,care_site_id,fpk_visit_care_site
omop,v5.4,visit_occurrence,person_id,person,person_id,fpk_visit_person
omop,v5.4,visit_occurrence,provider_id,provider,provider_id,fpk_visit_provider
omop,v5.4,visit_occurrence,visit_concept_id,concept,concept_id,fpk_visit_concept
omop,v5.4,visit_occurrence,visit_source_concept_id,concept,concept_id,fpk_visit_concept_s
omop,v5.4,visit_occurrence,visit_type_concept_id,concept,concept_id,fpk_visit_type_concept
omop,v5.4,visit_occurrence,admitted_from_concept_id,concept,concept_id,fpk_visit_adm_src_concept
omop,v5.4,visit_occurrence,discharged_to_concept_id,concept,concept_id,fpk_visit_disch_concept
omop,v5.4,visit_occurrence,preceding_visit_occurrence_id,visit_occurrence,visit_occurrence_id,fpk_visit_preceding_visit
omop,v5.4,visit_detail,care_site_id,care_site,care_site_id,fpk_visit_detail_care_site
omop,v5.4,visit_detail,person_id,person,person_id,fpk_visit_detail_person
omop,v5.4,visit_detail,provider_id,provider,provider_id,fpk_visit_detail_provider
omop,v5.4,visit_detail,visit_detail_concept_id,concept,concept_id,fpk_visit_detail_concept
omop,v5.4,visit_detail,visit_detail_source_concept_id,concept,concept_id,fpk_visit_detail_concept_s
omop,v5.4,visit_detail,visit_detail_type_concept_id,concept,concept_id,fpk_visit_detail_type_concept
omop,v5.4,visit_detail,admitted_from_concept_id,concept,concept_id,fpk_visit_detail_adm_src_conc
omop,v5.4,visit_detail,discharged_to_concept_id,concept,concept_id,fpk_visit_disch_concept
omop,v5.4,visit_detail,preceding_visit_detail_id,visit_detail,visit_detail_id,fpk_visit_detail_prec_visit
omop,v5.4,visit_detail,parent_visit_detail_id,visit_detail,visit_detail_id,fpk_visit_detail_parent_visit
omop,v5.4,visit_detail,visit_occurrence_id,visit_occurrence,visit_occurrence_id,fpk_visit_detail_visit
omop,v5.4,vocabulary,vocabulary_concept_id,concept,concept_id,fpk_vocabulary_concept